id,Comments,GeneralComments,LastVolEvent
1970,,,
2400,,,
2957,,,
3075,,,
1532,parent of athlete Wesley Baker,on-line protective behavior 11/28/08                         application updated 10/23/11,
672,Does all the tough database programming,,Database Guy
931,Glenelg Country school,,bowling 2003
1828,POA,on-line protective behavior 9/14/12,
1929,,,
1682,referred by katie shea,on-line protective 9/8/10 & 7/25/2019,unified soccer
2127,,,
2098,,,
1245,riverhill 2005,,figure skating
2386,,,
1371,parent of ahtlete; Passed away on 4/23/20,                               Cross Country Ski Coordinator 2008 - 2013                             Golf Unified Parter 2006-2016,
1372,parent of ahtlete,"protective behaviors 9/26/07                                       Cross Country Ski Coordinator 2008 - 2013         updated application 8/6/10
PBC 9/10/2016",golf 2006/ xc ski 2012
2927,,,
1465,parent of athlete,On-line protective behaviors 11/15/07,bowling 2008
1466,parent of athlete,On-line protective behaviors 11/16/07,bowling 2008
2275,,6/15/2017,
2700,,,
2750,,,
3101,5v5 Alexion unified team request,,
2005,,,
2020,,,
2237,,,
2461,,,
1226,nanny to evans family,,
2052,,,
2835,,,
2935,,,
1864,bocce and bowling,,
2093,,,
2139,,,
2846,,,
2867,,,
3113,,,
1406,CP instructor,married to volunteer guadalupe lopez/ CPR certified,basketball
2591,,Equestrian Coordinator at LeCheval in 2020/2021,
2414,,,
982,Long Reach 2004,,orientation11-19-03
2279,"Jordan Crawford's mom, Physician,medical at competitions",,
2287,,,
1761,previous SOMD volunteer,took orientation per janet Novak @SOMD               referred by george guthrie VERIZON,SOMD games
2967,,,
1061,glenelg 2007,,
2239,,,
765,Mom Is Lynda Anderson,,2003 tennis
1164,parent of Corrisa Anderson,,softball coach
1714,parent of ahtlete,,
1718,,protective behavior 3/6/11,athletics
1777,,protective behavior 1/5/12,
2315,,,
2719,,,
625,"Sister to Jennifer Andres; Sign language, photography",online protective behaviors 3/31/08,2006 Softball invitat- skills
678,,,
2864,,,
1097,Long Reach 2005,,
2540,,,
2514,,,
1576,,on-line protective behavior  3/23/09,equestrian 2009
2066,,,
1647,fort meade/ JSA,on-line protective behavior 3/8/10,
505,,,"Merriweather, PGA"
1062,glenelg 2007,,
2561,,,
835,,SOHC parent,2003 volleyball
836,,,
1921,,,
1903,,,
1187,Glenelg 2007,,
3115,,,
910,Glenelg Country School,,bowling/basketball 2003
2636,,,
786,,,
2532,,,
2624,,,
2672,,,
444,,,Head of MTHA Equestrian Program
2454,,,
3144,BB 5v5,,
1139,Long Reach,,
1131,Long reach,,
3116,,,
8,,,
3039,,,
1609,,on-line protective behavior 8/10/09,
2810,,,
2462,,,
2938,,,
1925,,PBC 9/27/2013,
2968,,,
3066,,,
462,"Director, Golf Coach","One of four individuals (Baker, Miceli, Waschak, Wrathall) to restart & reinvigorize Special Olympics in 1998; Area Director 2000- Present; 
Asst Director 1998-1999; 
Member of SOMD Golf SDT 2001-Present; Golf Coordinator 1998 - 2001; SOMD Sports Committe",Director
463,Ski coach/ Aquatics uniform organizer, Five Year Service Award - March 2009,Ski /cyclying/aquatics
677,,on-line protective behav. 9/16/07         2006 Jackie Burk Scholarship Award Winner,Aquatics /cyclingvolunteer
990,nursing student,,
1231,centennial 2006,,figure skating 2005
1490,referred by john mcdonough,Head coach Softball Skills 2008 - Present; Head coach Soccer Skills and Player Development 2008-Present; SOHO Coach of the Year 2017; Baskeball 5v5 Coach 2019-Present;,
1554,interested in cheerleading,SOHO Coach of the Year 2018; Outreach Coordinator 2019 - Present;,cheeleader coach
1580,wks cheval stables,on-line protective behavior 3/26/09 & 5/11/2016,
2816,,,
2128,,PBC 10/21/2015,
2597,,,
2751,,,
1778,,protective behavior 12/4/11,
2433,,,
2745,,,
2602,,,
18,parent of athlete,another home # 410-730-5552                                          on-line protective behav. 4/17/08/07,Basketball / Volleyball coach
714,,,
1649,fort meade/ JSA,on-line protective behavior 3/12/10                               flag football,
1857,,,
2006,,,
895,Mount De Sales Academy,,aquatics 2003
1918,,,
2143,,PBC 1/17/2016,
1018,parent of jacob ford/ knows sign lang.,guardians of volounteers Shelby and Alexandra Holt,9-14-03
1082,Long Reach 2004,,
2072,,,
2581,,,
2387,,,
2851,,,
2337,,,
924,Glenelg Country School,,2003 bowling
1417,parent of volunteer,,athletics
1422,parent of athlete,,softball 2007
2421,started in Montgomery County,,
2509,,,
1244,friend of athlete evan davis,,basketball
457,,Five Year Service Award - May 2007 (1999-2007)          Ten  Year Service Award - June 2009                 Last season as swim coach - 2018,
1426,unified partner,,aquatics 2007
1352,,2006 basketball coach                                         protective behaviors  9/21/07,basketball 2006
1598,,,
1626,,,bowling
2112,,PBC 8/5/2015,
751,Skiing and sailing coach,"My mailing address is as follows: 
Kristin Leigh Beares
CMR 470, Box 2136
APO AE 09165
 
You can supposedly use U.S. postage (ieÂ… put a regular stamp on the item eventhough it is going to Germany?!?). http://tourdekristin.blogspot.com",Ski team
1178,teacher Brown Station E.S.,,ski 2004
1072,Long Reach 2005,,
1439,referred by marilyn miceli,,golf 2007
2757,,,
563,Would also like to get 11th grade son involve in sports vol.,,
3131,,,
2302,,,
2150,,,
2887,,,
1343,friend of becky lessy,online protective behaviors 2-21-08,athletics 2006
1788,,on-line protective behavior 3/3/12,
1463,Miss Howard County 2007 - came to many of our events,,
2135,,,
2969,,,
2711,,,
2914,,,
3002,,,
1736,,,
1759,,on-line protective behavior112/8/11,basketball
1769,volunteers with dad,on-line protective behavior 1/4/12,basketball
1775,retired RN,on-line protective behavior 3/4/12,
2209,,PBC 12/8/2016,
1102,Long Reach,,
760,,,2002bb 5x5 volunteer/2002 soccer
1477,orientation by cheryl decker,on line protective behavior 1/14/08 and 2/11/2014,
806,,,
864,1 time only,eferred by shannon gilheany,2002 Golf tournament
1725,,on-line protective behavior 3/9/11,Tennis 2013
2313,,,
1981,,,
2780,,,
2781,,,
2784,,,
1749,,on-line protective behavior 7/21/11,bowling
1716,,protective behavior 2/16/11,athletic
2572,,,
571,,,
2695,,,
2696,,,
2668,,,
2941,,,
1119,Long reach 2004,,
1627,has own hoprse,protective behavior 9/7/09,equestrian 2010
520,,,Attended orientation on 4/12/99
464,,"Ski Coach (1997-2003, 2009)                                               Plaque for 7 years of volunteer service presented at going away party 9/16/03 .                                                  Started volunteering again in Dec 2008              ",Ski and tennis coach
1278,somd orientation,,equestrian 2005
2422,,,
1628,,protective behavior 9/7/09 ?,equestrian 2010
630,,,Rattlewood 2003
1021,sisiter to Joe Bobinski jr,,9-14-03
1206,parent of athlete Joey Bobibski,,
987,,"PBC 12/31/2012
Athletics Coordinator,  2003 to 2013             Awarded 5 year Service Plaque, 6/2009                                Passed away 5/8/14",2004 ski
2430,,,
1027,Would like to help with bowling,,
1301,,on-line protective behav. 9/17/07,soccer 2005
1242,,,12-8-04
2560,,,
1819,,,Tennis 2013
2669,,,
2625,,,
860,,,figure skating 2002
2073,,,
697,,Donates clubs and refitting of clubs                           Five Year Service Award - October 2008,
2570,,BB 5v5 Coordinator 2021-2023,
1843,"bowling, basketball and soccer",PBC 1/3/2013,
1993,,,
592,"Merriweather; Interested in lots of sports,  coach",Member of SOMD Volleyball SDT 2001 - 2002                Volleyball Coordinator 2000 - 2003                              Outreach Coordinator 2000                                         Sports Director 01/01 to 9/02                                       ,Softball invitational 2006
2214,,,
2721,,,
3041,,,
2891,,,
1672,,on-line protective behavior 8/18/10                               flag football,flagfootball?
1673,,on-line protective behavior 8/25/10                                flag football,flag football ?
1644,,on-line protective behavior 3/10/10,
1645,,on-line protective behavior 3/14/10,
3103,,,
3106,,,
1928,,PBC 10/29/2013,
916,Glenelg Country School,,
2055,,PBC 3/9/2015,
2197,,PBC 10/25/2016,
1950,,,
2341,,,
2060,,PBC 2/22/2015,
2480,,,
2966,,,
816,Organizer of Glenelg Country School Fun Day for SOHC,"GCS Fun Day, 2001 - 2002",Glenelg Fun Day
903,Glenelg,2003 volunteer team leader for school project-Glenelg country school,BB 3x/bowling
1468,,On-line protective behaviors 1/7/08  and 3/23/09,
2229,,PBC 1/31/2017,
1873,,,
41,State games chaperone,randu cell 443-253-0733                                       protective behavior 8/7/11,TinaT&F coordinator
1596,,on-line protective behavior 7/22/09,tennis 2009
2438,,,
992,paul 5/21/45  kathleen 12/6/89  Maura 12/12/86,,softball invitational 2003
1132,Long Reach,,
1839,interested in equestrian,,
1840,intersted in equestrian,,
594,Dad's name is Ron,,2002/vollet-Aquatics Volunteer
1162,,,BB skills
2244,,,
2269,,,
2373,,,
2996,,,
2236,,,
442,,,
3003,,,
996,parent of Lauren Bruzga,,
1441,represent/parent of  youth soccer league,protective behaviors  9/18/07,soccer2007
466,,,Golf
2527,,,
2345,,,
2297,,,
952,Figure Skating Coach,on-line protective behavior 12/7/11,figure skating 2003
1692,aprent of volunteer,2/,bowling
3152,,,
2445,,,
1011,past Nat. ski patrol member - MN,CPR and OEC certified << sign Lang/ speech lang. path.,9-14-03
1980,,,
695,parent of athlete,"Member of SOMD Equestrian SDT, 2001 - 2002                                 Five Year Service Award - July 2007 (1999-2007)                     Ten Year Service Award - June 2009 (1999-2009)",Equestrian Coordinator
1288,step father of athlete,Web Master 2004 - Present                                              on-line protective behavior  1/25/09                    application updated jan 2009,equest. 2005
1516,,on-line protective behavior 11/8/08,figure skating 2009
1523,personal trainer at Colesseum gym,,
652,3x3 BB Coach; Tee shirts; Mariott Conn;,Member of SOMD Golf SDT 2001 - 2006;  Five Year Service Award - March 2006; Ten Year Service Award February 2011; SOHO Coach of the Year 2015;,
1291,Matthew 4-21-92 / patapsco middle school,walter has coached basketball,soccer 2005
1308,family,kasey - mom  10-27-59  cell 410-302-8985    //   Jonathan - 10-2-9  centennial H.S. 2007   cell 410-302-9653  //                                                                           Warren  1-30-58  cell 410- 207-3546,soccer 2005
985,,,bocce 2003
1631,,protective behavior 11/8/09,basketball
2970,,,
2971,,,
2095,,,
876,ARC Counselor,,
2858,,,
935,Glenelg Country school,,
1569,,on-line protective behavior 1/29/09,Tennis 2013
657,,,Guide
1342,parent of volunteer,,
1574,parent of athlete,on-line protective behavior 2/24/09,bocce 2009
1365,,,8-29-06
1867,,,
2877,,,
2878,,,
877,Figure Skating Head Coach,,
2091,,,
2450,,,
1786,,on-line protective behavior 3/11/12,
1870,,,
2190,,PBC 9/13/2016,
3068,,,
645,tennis coach,,Tennis 2003
1340,stepfather of athlete kristin frande,,
2747,,,
1423,,,equestrian
1524,parent of ahtlete,regsitered nurse and MS in in health care                         on-line protective behavior 9/4/08,
2007,Physician,,
2317,,,
2234,,,
1208,,protective behaviors 9/17/07,equest. 2005
1398,parent of volunteer/ neighbor of allan waschak,,
779,,,Aquatics Coach
2264,,PBC 5/15/2017,
2102,,,
1396,,,
3111,,,
2605,,,
2900,,,
446,"Owner of Ice House, carrmat7@cs.com",,"Father to Tyler Carr, separate address from mom"
972,caitlyn  10-17-89  carol 1-30-61,carol- protective behavior 4/4/09,soccer 2003
1978,,,
848,Parent of Frank,on-line protective behaviors 9/19/07,
1686,parent of athlete,SOHO Coach of the Year 2019;,
1936,,,
2090,,PBC 7/8/2015,
2223,,PBC 12/13/2016,
1224,parent of athlete,unified volleyball 2004,
1506,referred by john mcdonough,on-line protective behavior 8/26/08,soccer 2008
2908,,,
3004,,,
2008,,,
3005,,,
1329,,,
2752,,,
2160,,,
1875,,PBC 8/2/2013,
1339,parent of ahtlete,online protective behaviors 3/26/08,equestrian 2006
2467,,,
1654,student towson univ,on-line protective behavior 1/25/10,
1452,parent of ahtlete,on-line Protective Behaviors  9/25/07,
1591,parent of athlete,on-line protective behavior 7/27/09 and 7/28/2013 & 6/9/2016,golf cycling
1249,,,figure skating
2748,,3/,
2643,,,
1305,,,soccer
3070,Tennis,,
1113,Long Reach 2004,,
2205,Physician,,
2795,,,
2038,,,
2460,,,
2798,,,
1259,parent of athlete,,
2179,,PBC 4/26/2016,
516,,,
2409,,,
1544,,on-line protective behavior  1/8/09,aqautics
2555,,,
2620,,,
1747,,on-line protective behavior 9/4/11,
1949,,PBC 1/18/2014,
1148,Long Reach 2005,,
3119,,,
850,volunteers w/grandaughter,,figure skating 2002
1750,,on-line protective behavior 7/22/11,bowling
1751,,on-line protective behavior 7/22/11,
1884,,Head Cycling coach 2020 - Present;  SOHO Family of the Year 2017;,
793,,,
3107,,,
2410,,,
2094,,,
974,,,
1298,Austin 3-22-94  class 2012,,golf 2005
1699,,on-line protective behavior 10/29/10 & 1/14/2017,basketball
564,,,
2861,,,
991,Wilde Lake High School,,powerlifting 2003
1510,,on-line protective behavior 10/7/08,
1494,,on-line protective behavior 8/19/08,vball 2008
2617,parent of athlete Charlie Cleveland,,
2720,,,
2872,,,
3120,,,
600,Paid help for Merriweather,,Merriweather
2956,,,
2799,,,
2552,,,
2257,,,
2495,,,
2693,,,
619,basketball coach/ Fundraising co chair for IW,"IW Fundraising Co-Chair (2002-2009)                   Basketball Coach, 2000 - 2009                                      Five Year Service Award - March 2007 (1999-2007)     online protective behaviors 1/15/08",BB 5x5 Coach
2848,,,
2333,,,
2009,,,
886,parent of athlete Joey Colleli,Five Year Service Award - March 2009  Alpine Ski Coordinator 2003 - Present,
1289,father of athlete,,2005 summer games
1325,,,
2691,,,
3125,,,
2452,,,
1384,parent of athlete,,asst. bowling Coord/ tennis
2743,,,
1735,sisbling of athlete,protective behavior 8/17/11,
1979,,,
2215,,PBC 11/3/2016,
1738,,,
2149,,,
2079,,,
1674,,,
2158,,,
2868,,,
1566,,,
1614,friend of katie gambale,on-line protective behavior 9/14/09,soccer partner
1676,reservior high school 2007,on-line protective behavior 6/7/10                           updated from student database 154-1386,socder
2036,,,
2512,,,
2516,,,
2627,,,
2826,,,
1577,,on-line protective behavior 3/30/09,
1578,,on-line protective behavior 3/30/09,
1038,glenelg,,
3126,,,
2729,,,
983,,,
1823,,on-line protective behavior 8/29/12,
1722,been a  BB coach for last 2 yrs ??,on-line protective behavior 2/11/11,3v3 coach
1592,,on-line protective behavior 7/8/09,xc runing
1809,,on-line protective behavior 8/21/12,
2447,,,
1960,,,
2054,,,
2818,,,
2226,,PBC 1/31/2017,
2078,,PBC 4/7/2015,
3071,,,
2972,,,
507,,,Rattlewwod 2003
966,Glenelg Country School,Glenelg Country School,
2281,Physician,,
1834,,protective behavior -online 11/18/12,
1042,glenelg 2005,,bowling
465,,"Ski Coach (1997-2003, 2009)                                               Powerlifting Coach (1999-2002)                                           Track Coach (2001-2003,2009)                                           Plaque for 7 years of volunteer servi","Powerlifting, Ski and Tennis coach"
1744,,on-line protective behavior 7/18/11,equestrian
2405,,,
3132,,,
744,,,
2436,,HC R&P Good Sports Official Award 2016; Official at swim meets 2014-Present,
2619,,,
2390,,,
2147,,PBC 1/29/2016,
2068,,,
2163,,,
2510,,,
2528,,,
785,Track coach,,track and field 2003
1246,orientation by somd?,,figure skating
2100,,,
934,Glenelg Country School,,
2942,,,
1799,referred from franciscan friars,protective behavior 7/27/12,powerlifting
1802,relative of athlete,protective behavior  8/6/12,volleyball
1803,relative of athlete,protective behavior 8/6/12,volleyball
2159,,PBC 2/2/2016,
3006,,,
1213,parent of athlete,on line march 3/28/2009                          Basketball 3x3 Coordinator (2009-2010)                      Tennis Coordinator (2011-2016),Tennis 2013
1214,parent of athlete,protective behaviors  9/17/07                                       Soccer Coach (2004-2007)                                            Track Coach (2005-2016)                                              Five Year Service Award - June 2009 (2004-2009),soccer 2006
1741,sibling of athlete,,athletic
490,,,Basketball
2416,,,
2553,,,
976,stan's cell# 443-255-8484   wk 410-841-2721,,figure skating 2003
2589,,,
2590,,,
1279,orient. Done at SOMD,,equestrian 2005
1820,,on-line protective behavior 8/22/12 & 9/9/2016,
2929,,,
1145,Long Reach,,
1085,Long Reach 2005,,
3061,,,
726,Ext 20 on telephone,,
768,,,
1693,parent of volunteer,on-line protective behavior 11/9/10                       registered nurse,
2145,,,
2146,,,
2420,,,
3123,,,
2955,,,
2585,,,
761,,Certified Swimming and Hockey Official,BB 5x5 Volunteer
1394,cousin of ?? SO athlete/ friend od Sterling Saunders,,
1656,POV,on-line protective behavior 2/22/10,bowling competition
2028,,,
715,parent,Outreach Coodinator 2001 to 2004; SOHO Family of the Year 2018; Five Year Service Award October 2006;,
827,parent,Cycling Coach 2002 - Present; Basketball Coach 2001 - 2007;   Sports Director 2003 - 2006; Softball Competition Field Marshal (2003 - 2018); Softball Competition Director 2019 to Present;; SOHO Family of the Year 2018; Five Year Service Award October 2006,
1698,speech pathologist,on-line protective behavior 10/3/10,
2154,,,
1994,,,
2029,,,
2556,,,
2164,,,
2687,,,
654,,Member of SOMD Volleyball SDT 2001 - 2002,Volleyball coach 2003
2470,,,
2196,,PBC 8/26/2014,
1983,,,
2330,Physician,,
2056,,,
3094,,,
3095,,,
1348,,,
2437,,,
577,Would like to be a soccer coach; certified soccer official,"CPR Trained; Certified Soccer Official;
PBC 5/18/2015; HC R&P Good Sports Coach Award 2019",
1498,,on-line protective behavior 8/15/08,soccer 2008
1581,wks with gena luoma,on-line protective behavior 3/30/09,
2621,,,
2578,,,
2579,,,
2830,,,
1675,,on-line protective behavior 5/26/10                  cheerleading/ snow shoe,volleyball
1874,,PBC 8/2/2013,
1894,,,
1108,Long reach 2005,,basketball skills
773,,,bowling
1836,,on line protective behavior 11/8/12,
2116,,,
1911,,,
1912,,,
912,Glenelg Country school,,2003 bowling /figure skating
2121,,,
2568,,,
2021,,,
1191,centennial high school 2005,,orientation
1353,parent of athlete,,
849,,photography,
1871,,,
863,works as a family,mom-denny 5-20-57 / dad-dan 12-18-57 / kelly 4-11-89 / meaghan 7-11-92 / patrick 7-11-92,Rattlewood 2003
1341,parent of ahtlete,"SOHO Family of the Year 2020;
CDW exp 3/21/2024",
1367,parent of ahtlete,"Basketball 5v5PD Coach 2010-Present; Basketball Skills Assessment Coordinator 2010 - Present; SOHO Family of the Year 2020;
CDW exp 3/24/2024",
2353,,SOHO Family of the Year 2020;,
2933,,,
1290,,"Basketball and volleyball coach, 2005- 2007      Outstanding Unit Volunteer at Fort Meade - 2006             Moved to Colorado in August, 2007",volleyball 2005
1462,parent of volunteer,protective behaviors 10/30/07,
1665,,on-line protective behavior 2/16/10,
1666,,on-line protective behavior 2/15/10,
2574,,,
1800,,,golf
1913,,CDW exp 3/24/2024,
2113,,PBC 8/31/2015,
681,Would like to be a soccer coach.,,
1497,,on-line protective behavior 8/15/08,vball 2008
2775,,,
885,NO E-MAIL,"coaches and plays football,basketball,baseball",basketball-full court 2003
1260,parent of athlete,Basketball 3x3 coordinator 2005 - 2007                           on-line protective behav. 9/17/07                              Track Coach (2005-2009)                                              Five Year Service Award - June 2009 (2005-2009),basketballp xcunnning
2298,,,
2299,,,
901,,beth  and danny>>online protective behaviors 3/25/08,
1660,,on-line protective behavior 3/15/10,equestrian
1838,interested in tennis,PBC 3/9/2013,Tennis 2013
2536,,,
2144,,,
1854,,,
741,,,
2031,,,
2010,,,
2890,,,
3045,,,
2563,,,
2582,,,
981,parent of athlete,"Awarded 5 year Service Plaque, 6/2009",
2047,,,
2085,,,
2216,NO LONGER VOLUNTEERING PER 7/6/2020 EMAIL,,
771,Available on Sundays,,
2548,,,
2542,,,
2543,,,
1366,parent of ahtlete,on-line protective behav. 9/18/07,8-29-06
1705,parent of athlete,on-line protective bebavior 1/4/11,
979,,,
2388,,,
1448,,Protec behav  online sept. 07,
1694,,on-line protective behavior 11/9/10,
590,"Cycling coordinator, Bowling Competition",Outreach Co-coordinator 2001,
445,,,MTHA Equestrian Coordinator
634,Nurse at states,"Nurse at Summer Games, 1997 to 2001                     Medical Coordinator, 01/98 to 2005                                 on-line protective behaviors  10/2/07 and 3-24-08        Ten Year Service Award - June 2008",Medical Coordinator
72,,,
767,,,Basketball Skills
917,Glenelg Country school,,2004 Bowling
2712,,,
3089,,,
2202,,PBC 9/27/2016,
978,Long Reach 2004,,
2493,,,
3054,,,
2504,,,
2796,,,
2797,,,
3074,,,
3007,,,
1378,parents of ahtletees,   lisa sarubin emmerling 2-17-57   lsedesign@gmail.com cell# 410-960-6168      // john philip emmerling jr. 9-14-52   jemmerling@juno.com  Softball Coordinator 2015-2021,
2820,,,
2809,,,
1570,,on-line protective behavior 2/2/09,
1571,,on-line protective behavior 3/26/09,
1573,,on-line protective behavior 3/23/09,equestrian
1014,parent of athlete,,9-14-03
1254,centennial 2007,,aqautics
1283,parent of athlete,,2005 summer games
643,"Works for Rainmaker, INC",,Sponsor for golf tournament
731,,,
2174,,,
1098,Long Reach 2005,,
1037,glenelg  2006-7 co- volunteer coordiantor,2006-7 co-student liason,
2189,,PBC 9/17/2016,
2521,,,
2921,,,
2792,,,
3058,,,
2435,,,
2960,,,
2011,,,
846,,Softball Coordinator 4/02 to Present,
1227,sisiter of athlete,online protective behaviors 2/22/08,soccer 2004
1228,parent of athlete,IW Planning Team 2002 to Present,
1560,,on-line protecive behavior 3/26/09,
1943,,PBC 1/2/2014 & 1/3/2017,
2973,,,
1458,parent of vmt st joe volunteer,,
1755,parent of athlete,on-le protective behavior 10/21/11  Flag football coordinator 2012-2014,basketball coord
1995,,,
1530,,On-line protective behavior 9/12/08,xc running 2008
1879,,,
1806,POA,Golf Skills Asst. Coordinator 2017-Present; Softball Tournament Director 2010-2018; Golf Skills Competition Coordinator 2020 - Present;  SOHO Volunteer of the Year 2019;,
1265,,,softball 2005
1459,parent of athlete,on-line protective Behaviors 9/21/07,figure skating
841,.,Five Year Service Award - November 2007,
3044,,,
3046,,,
1953,,,
2997,,,
988,Centennial High School,,powerlifting 2003
2220,,,
560,,,Merriweather
84,,,
2252,,,
1816,,on-line protective behavior 8/20/12,
1071,Long Reach 2004,,
1533,active duty  army,on-line protective behavior 12/3/08,baskball 2009
1797,referred from franciscan friars,protective behavior 7/26/12,powerlifting
2954,,,
1408,house aide  4 randi penenburgh/ tiffany brooks,house aide for randi penenburgh/ tiffany brooks,
2755,,,
2756,,,
2310,,,
2152,,,
945,centennial High school,,
1043,glenelg 2007,,
1155,,"Five year Service Award March 2009                                                        Coached ski and cycling from 2003 to 2013, retired to NC at that time.  Mike passed away on 4/9/21.",alpine/cycling
1156,,Alpine Ski Head Coach                                                             Five Year Service Award - March 2009                     updated application 9/11/10                                                Coached ski and cycling from 2003 to 2013,alpine/cycling
660,Head Coach for Athletics,,Athletics
1101,Long Reach,,
2012,,,
1495,,on-line protective behavior 8/19/08,soccer 2008
1942,,,
2069,,,
1582,,on-line protective behavior  3/31/09,powerlifting
1822,,on-line protective behavior 9/23/12,
1966,,PBC 3/11/2014,
2885,,,
2909,,,
2469,,,
2763,,,
2033,,HC R&P Good Sports Administrative Award 2019,
2549,,,
468,,,", WandaPGA"
1740,parent of athlete,protective behavior 8/19/11,golf 2011
566,Volunteer at events & possibly coaching; Casey is son,,
2278,,,
2845,,,
1400,howard community college,,basketball
1783,,,equestrian coach
2974,,,
1904,,,
2151,,,
1916,,,
439,,,
1706,retired valero energy,on-line protective behavior 12/10/10,power lifting ?
3008,,,
3009,,,
3010,,,
3011,,,
1881,,,
2108,,,
3150,,,
769,,,
1562,parent of athlete,on-line protecive behavior 3/22/09,
2086,,,
1444,volunteer from state orientation,protective  behavior  9-18-07,
101,,"Aquatics Coach (2000-2014) , head coach 2015-2018; Member of SOMD Volleyball SDT 2001 - 2002; Five Year Service Award - May 2007; PBC 2/15/2016;
Ten Year Service Award - June 2009; SOHO Coach of the Year 2016;","aquatics, volleyball volunteer"
306,,"Special Events Coordinator, 1999 - Present                    SOMD Volunteer of the Year - 2007                                 on-line protective behav. 4/19/08",2006 athletics
792,,photography,
2863,,,
1556,,on-line protecive behavior 2/22/09,athletics 2009
2476,,,
2870,,,
2920,,,
3122,,,
1036,glenelg 2005,,
2565,,,
1629,,protective behavior 10/29/09,bowling
2076,,PBC 4/8/2015,
2768,,,
2953,,,
2027,,,
2136,,PBC 12/4/2015,
1304,mother/daughter,mother is an RN / laura DOB 5-3-89 home schooled,volleyball
1318,cousin of john stapleton,protective behaviors 9/17/07                                  updated application 1/8/09,golf
105,,,
1719,,protective behavior 3/12/11,aquatics 2011
1182,GardenHouse employee,,skating 2004
674,,Five Year Service Award - October 2006                         on-line protective behaviors  9/21/07                         Powerlifting head coach 2001 - present,Powerlifting coach
2506,,,
2492,,,
1639,POA,protecticve behavior 1/5/10 and 7/30/2013  Soccer PD Coordinator 2012-2013,
1812,POA,on-line protective behavior 8/30/12,soccer
2577,,,
108,,,
1373,parent of athlete,Soccer skills coordinator July 2006 to 2011.  Virginia on line protective behavior 8/10/08,soccer 2008
1696,parent of athlete,on-line protective behavior 8/23/10,basketball
2473,,,
2479,,,
1375,volunteers with daughter Amber,,volleyball 2006
1805,,,flag football
2123,,PBC 11/3/2015,
1469,stepbrother tp joey colleli,PBC 1/4/2013,alpine 2008
742,Head Volleyball Coach,Member of SOMD Volleyball SDT 2001 - 2002,Volleyball Coach
2702,,,
1677,replacing original vol# 1575,on-line protective behavior 3/26/10 & 8/18/2016,
2364,,,
1412,Company is an IW sponsor,,
2168,,,
2494,,,
2607,,,
1551,,on-line protecive behavior 3/26/09,equestrian 2009
477,,,Golf coach
638,,,T&F Coaches
2860,,,
2101,,,
758,,protective behavior 2/26/12                                application update 2/23/12,BB skills
116,,,
2659,,,
844,,,soccer 2002
3135,Pickleball,,
3142,,,
679,on-line protective behavior date 3/21/08,online protective behaviors  3-21-08,
1149,Long Reach,,
2107,,,
1389,,#62218 orientation by janet novak,2006 SOMD summer games
1115,Long Reach 2005,,
2035,,,
718,"Would like to coach golf, BB and aquatics",,
621,David is a CPA,,softball 2005
1525,,Official SOHO Photographer 2008 - Present               Member of Executive Management Team 2019 to Present     SOHO Volunteer of the Year 2022,Photographer for all sports!!!
1727,pastor of grace community church,on-line protective behavior 2/1/11,t&F
2822,,,
2903,,,
2907,,,
1792,parent of volunteer,protective behavior 6/19/12,
633,,Powerlifting Coordinator 2000 - Present,Powerlifting Coordinator
1772,( male volunteer),on-line protective behavior 2/27/12,
3141,,,
1526,parent of volunteer,,soccer
2041,,,
1235,mt HEBRON 2005,,
122,,,
1595,,on-line protective behavior 8/10/09,beg golf
1760,,on-line protective behavior 11/3/11,basketball
1381,,referred by Bill parlock,
999,River Hill High School,mom's (Susan)  e-mail  S1123C@aol.com,soccer 2003
2573,,,
2893,,,
1996,,,
2280,,,
2538,,,
1137,Long Reach 2005,,
2690,,,
2776,,,
2777,,,
125,,,
953,,,
1083,Long Reach,,BB skills
126,,,
1685,,on-line protective 9/10/10,soccer unified
1997,,,
2111,,,
536,,SOMD Volunteer of the Year - 2003                                    Five Year Service Award presented 3-2-06 (1999-2006)       snowshoe certified 2/2/05                                             Ten Year Service Award - April 2011     Volunteer Coordin,runn/golf/cycle/ alpine/ bocce
2945,,,
1922,,PBC 10/2/2013,
1295,parent of athlete,HC R&P Good Sports Coach Award 2018,soccer coord 2008
1296,sibling / Howard High School 2009,on-line protective behav. 9/16/07                        application updated 3/31/09,unified soccer 2008
1337,uncle of athlete Justin Gregg,,
1946,,,
2733,,,
893,Hammond H.S.,photography,
1252,Hammond 2007,,aqautics 2005
2975,,,
2567,,,
3146,,,
1482,,EMT license                                                                     on-line protective behaviors  3/10/08,
2737,,,
2628,,,
1287,parent of ahtlete; passed away 2024,"Nurse at State Games, 2002- 2009     Medical Director 2006 -2018 (Retired)                 Five Year Service Award - June 2009 (2005-2009)
PBC 4/21/2016   Deceased early 2024",2005 summer games
1704,,on-line protective behavior 11/23/10,
2114,,,
2148,,PBC 2/3/2016,
2939,,,
1855,,,
2869,,,
2952,,,
588,,"Volunteer of the year 2001                                      (Nancy-wife)          One of originators of IW in 2001/2002, Verizon match for  many years. Still supports as volunteer.                    On-line protective behavior 6/2/08",Dance fundraiser at DC Armory
2732,,,
1051,glenelg 2007,,
825,,on-line protective behavior 12/6/09,soccer
132,,,
2648,,,
890,mother of athlete Erica Hagelis,,2003 ski photographer
1386,referred from newspaper- parent of volunteer,parent of volunteer,
1635,,protecticve behavior 1/4/10,
2133,,PBC 12/15/2015,
1193,,,orientation
599,,,Softball Tourney
2976,,,
2740,,,
2106,,,
1237,Mt st Joe  2006,,
1952,,,
2448,RN,,
2713,,,
2491,,,
1220,,"KPMG Forensic 
20 Farringdon Street 
London EC4A 4PP 

Telephone +44 (0) 207 783 3755 
Fax +44 (0)207 311 3630 
Mobile +44 (0)788 078 7701 
KPMG Internal 783 3755 

mailto:Jennifer.Hammond@KPMG.co.uk",alpine
2254,,PBC 4/4/2017              Finance Coordinator 2017-2018,
2915,,,
1314,SOMD orientation per judy proia,,figure skating
661,Peter Colabucci's godmother,,
1701,,on-line protective behavior 11/10/10,basketball
1939,,,
1940,,,
1454,c0-alpine coord,,
908,Glenelg Country School,,bowling 2004
1941,,PBC 11/22/2013,
2291,,,
2537,,,
3063,,,
1491,parent of athlete,,bowling
1492,parent of athlete,on-line protective behavior 8/13/08,
2502,,,
2338,,,
2424,,,
2441,,,
832,wks w/ mom (kelly),,
2049,,PBC 1/29/2015,
2999,,,
3000,,,
2765,,,
2910,,,
140,,,
2631,,,
2897,,,
1016,,President of internet golf game company,9-14-03
2339,,,
143,,,
1045,glenelg 2007,,
1972,,,
815,,,BB 3x Coach/soccer 2002
145,,,
146,,,
1442,attended orienation at the state 5-12-07 ref # 63240,attended orienation at the state 5-12-07 ref # 63240        on-line protective behaviors 10/10/07 and 3/26/08 and 2/18/2013,aquatics 2009
2630,,,
2728,,,
1710,,,Basketball
1210,Equestrian Coach,,Equestrian Practice
1496,interetsed in coaching - tennis ??,on-line protective behavior 8/16/08,soccer / tennis2008
2061,,,
2140,,,
1707,pending new family,on-line protective behavior 12/16/10,
3012,,,
1689,parent of athlete,on-line protective behavior 11/14/10,
1276,parent of athlete,online protective behaviors  3/24/08 and 3/27/08,athletics 2005
150,,,
2062,,,
2453,,,
2731,,,
2233,,PBC 2/27/2017,
2485,,,
2245,,PBC 4/9/2017,
632,parent of ahtlete,,2005 summer games
1934,,PBC 10/18/2013,
967,River Hill High School,river hill high school,2003 track and field
1428,friend of kevin colabucci/ teacher century HS,,basketball 2007
1555,,on-line protecive behavior 2/9/09,
2206,,,
2515,,,
1501,parent of volunteer,on-line protective behavior 8/4/08,
1849,,PBC 3/3/2013,
1932,,,
2505,,,
1642,,protecticve behavior 12/14/09,
1039,glenelg 2007,,
1280,State games chaperone,on-line protective behavior 6/1/08,Summer Games 2005
2770,,,
1982,,,
1355,,,
553,,,Golf Coach
2074,,,
1416,parent of volunteer,on-line protective behav. 9/17/07,athletics
2261,,PBC 4/9/2017,
2262,,,
1798,referred from franciscan friars,protective behavior 7/20/12,powerlifting
572,Photography,,Basketball Coach
653,3x3 BB and golf Coach,Five Year Service Award - March 2006,Golf /BB 3x
2137,,PBC 1/4/2016,
929,,,
2363,,,
1073,Long Reach 2005,,
2586,,,
1632,,on line protective behavior 12/8/09,basketball
2276,,,
2284,,PBC 7/7/2017,
928,Glenelg Country school,,
3156,,"3/2/2025 Intro to Intellectual & Developmental Disabilities
3/2/2025 Understanding Athlete Registration and Medical Forms Course for Coaches",
2883,,,
2884,,,
2213,,,
1019,sisiter of athlete elizabeth ford,parent Elizabeth Ford,9-14-03
1020,sisiter of athlete jacob ford,parent Elizabeth ford,9-14-03
156,,,
3130,,,
157,,,
2357,RN,,
1782,,on-line protective behavior 1/22/12,basketball
2235,,PBC 3/3/2017,
938,,,
2813,,,
2348,,,
2349,,,
1518,parent of ahtlete,on-line protective behavior 11/9/08,
1520,parent of ahtlete,,
1467,,On-line protective behaviors 11/29/07,either
2544,,,
1597,parent of athlete,on-line protective behavior 7/22/09 & 3/22/2017,
1507,parent of athlete,on-line protective behavior  10/21/08 and 7/31/2013 & 3/22/2017,
3137,,,
2292,,,
1084,Long Reach,,
2327,,,
2311,,,
2794,,,
2022,,,
2774,,,
2050,"Soccer, Tennis, softball skills and kayak coach",,
2658,,,
1965,,,
2013,,,
2558,,,
3121,,,
1472,"son, joeseph - 5/9/94 centennial HS 2012",both Adrienne and joseph still need to take on line             as of 1-9-08 still needs student form and SS# for Joseph,somd summer games for state
2664,,,
164,,,
165,,,
1050,glenelg,,
1499,,on-line protective behavior 8/19/08,
1504,,protective behavior 8/15/08,soccer 2008
2762,,,
2788,additional email:  Hwangfamily5@gmail.com,,
3138,,,
2791,,,
2463,,,
1842,basketball,,
1856,RN; no longer volunteering,,
166,,,
2817,,,
2946,,,
1763,,on-line protective behavior 11/17/11,
2293,,,
1503,,on-line protective behavior 6-19-08,soccer 2008
2347,,,
1033,glenelg 2004,,Bowling
1998,,,
3149,,,
2248,,PBC 4/10/2017,
1734,,,
2471,,,
1905,,         Flag Football Asst Coach 2013-Present,
1968,,,
2305,,,
2571,,,
173,,,
1112,Long Reach,,
1194,,Helped run Softball skills competition - 2004,orientation
1196,long reach high school 2006,,aqautics 2004
2866,,,
2358,,,
2898,,,
1954,,,
2685,,,
1433,Spec ed teacher,referred by katie gambale                                             online protective behaviors  3-7-08,soccer
2557,,,
3128,,,
2320,,,
1563,parent of athlete,on-line protecive behavior  3/29/09,aquatics 2009
1866,,PBC 5/17/2016,
2804,,,
2839,,,
607,Runs nerve center for state games,,State Games
1546,Former coach and donor,,
1557,parent of pending athlete carolyn,on-line protecive behavior 2/5/09,
1558,,on-line protecive behavior 3/8/09,
2117,,,
2328,,,
2351,,,
2404,,,
2626,,,
3147,,,
441,,"2/1/2025 Understanding Athlete Registration and Medical Forms Course for Coaches
2/1/2025 Special Olympics Young Athletes Coach Training",
1175,parent of Jessica Jones,,
1236,stepfather to athlete karma hamilton,,basketball
1338,VERIZON,,
1902,Athlete and Volunteer,,2013 Volleyball
2194,,Outreach Coordinator 2017 to 2018,
2218,,PBC 1/8/2017,
2379,,,
2706,,,
2042,,"HC R&P Good Sports Administrative Award 2018
Volunteer Orientation Presenter 2019-2020",
2077,,,
2296,,,
743,Would like to coach,,
788,,certified basketball/ certified softball,
1167,parent of Hal Josephson,,
1168,Parent of Hal Josephson,,
1713,parent of ahtlete,on-line protective behavior 3/13/11                  cheerleading coord 2011- present,cheerleading coord
1796,referred from franciscan friars,protective behavior 7/23/12,powerlifting
1451,parent of athlete,on-line Protective Behaviors  10/23/07,
1703,parent of athlete,on-line protective behavior 7/6/10,INSPIRE WALK
2014,,,
2609,,,
1040,glenelg 2007,,
1034,glenelg 2005,,
193,,,
2782,,,
2238,,PBC 2/21/2017,
1443,,on-line protective behaviors 9/25/07,golf 2007
949,Mount St. joseph,CPR certified / lifeguard / graphic design,
194,,,
2629,,,
2789,,,
2212,,PBC Nov. 2016,
1269,,,equestrian 2005
1502,parent of ahtlete,on-line protective behavior 8/14/08 &11/7/12 & 1/19/2016,2008 xc running
1827,POA,,
2575,,,
2576,,,
2828,,,
2829,,,
1138,Long Reach 2004,,
2274,,,
1773,,on-line protective behavior 2/24/12,tennis 2012
710,Jason's Dad,,
3133,,,
596,Contact person for First Presbyterian Church,,Church Spring Fundraiser
1160,Catonsville  2007,,
1161,,,
2391,,,
1230,resevior class 2007,,figure skating 2005
1239,parent of volunteer,,figure skating
2034,,,
1032,glenelg 2007,,
1781,uncle of athlete ryan swanson,on-line protective behavior 1/24/12,2014 basketball
2428,,,
2793,,,
1919,RN,RN,
870,cpr certified,                CPR certified as of 2002                                                Five Year Service Award - October 2006,
1010,aunt to meagan Kemp,knows sign language,soccer 2003
1190,parent of megan kemp,,fitness
2217,,,
2902,,,
2995,,,
3108,,,
2477,,,
2481,,,
2961,,,
1814,,,
1540,referred by kevin colabucci,on-line protective behavior 1/5/09,
704,Track coach,"Track Coach (2001-2005, 2009-??)                               Five Year Service Award - June 2009 (2001-2009)",2005 summer games
933,Glenelg Country school,,
556,,,Would like to coach
1559,parent of volunteer,on-line protecive behavior 3/24/09,
2951,,,
822,,,2002 soccer
1359,referred by katie gambale,,
1748,,on-line protective behavior 9/6/11,xc running
1985,,PBC 5/17/2014,
2301,,,
2446,Dentist,,
2657,,,
2805,,,
2852,,,
2977,,,
3051,,,
3077,,,OTR 2024
3078,,,OTE 2024
3079,,,OTE 2024
3080,,,OTE v2024
852,volunteers with Wilda Chisolm,,figure skating 2002
1717,friend of david mikulis,protective behavior 2/20/11,ahtletics
2638,,,
2663,,,
1602,,on-line protective behavior 8/18/09,
772,,,
2321,,,
2771,,,
2922,,,
2724,,,
3048,,,
2677,,,
2778,,,
1810,,,
1811,,,
829,"Moved away from 2005-2007, 5 yr service award will be 2009",certified fitness trainer/ ASEP certified coach/kinesiology major/so colorado                                                               on-line protective behavior 4/20/08,power/golf 2010
1850,,PBC 2/24/2013,
1948,,,
2936,,,
2075,,PBC 4/8/2015,
3105,,,
1218,father of jr. volunteer Allie,margmatt@comcast.net                                                    on line protective behavior 12/13/09  original orientation 9/21/04,orient 2x
1219,St Vincent Pallotti HS 2008,,soccer 2004
1634,,on line protective behavior 12/13/09,
1876,,PBC 7/10/2013,
1969,,,
1683,,on-line protective 8/18/10,
208,,,
1096,Long Reach 2005,,
542,,,Attended orientation
986,son - Michael- DOB 3/8/88,,
3100,,,
937,Would like to coach track and field,,
2037,,,
2063,,,
2064,,,
1610,house counselor pennenburgh/brooks,on-line protective behavior 8/14/09,
1001,referred george guthrie,Five Year Service Award - February 2009,
1754,,,
2978,,,
3013,,,
1481,parent of ahtlete,,softball 2008
1604,parent of athlete,SOHO Volunteer of the Year 2018;  Inspiration Walk Planning Committee 2012-Present    Bocce Coordinator 2015-2022,
1605,parent of athlete,,
1860,,,
2385,,,
2412,,,
2896,,,
2508,Medical Coordinator; RN,Nurse-RN; Medical Coordinator 2019 to present,
2894,,,
479,,,Volleyball Coordinator
480,,,Volleyball coach
2329,Physician,,
2331,,,
2336,,,
1324,,,figure skating
1421,zedfrack44@comcast.net,on-line protective behavior  6/2/08,athletics
1054,glenelg 2007,,
1907,,,
212,,Golf Coach 1997 - Present                                            Softball Skills Coach 2005 - 2010                                Five Year Service Award - October 2006                             Ten Year Service Award - October 2008,
1192,centennial high school 2005,,orientation
1671,POA,on-line protective behavior 5/4/10,
1730,,on-line protective behavior 3.23.11,bsk 3v3 coach/ equest coach
2979,,,
1334,referred by pat wheeler,Karen Kyger online protective behaviors  1/13/08       david john kyger 5-2-92 class 2010-                               Laura elizabeth kyger  6-24-90 centennial 2008 online protective behaviors 1/12/08,bowling
2382,,,
2682,,,
2683,,,
2803,,,
217,,,
3014,,,
1872,RN,,
219,,,
1687,sister of athlete,,
1688,parent of athlete,,
956,Glenelg 2004,Glenelg Country School,2003 track and field
2371,,,
1896,,,
1897,,PBC 8/27/2013,
2827,,,
1935,,PBC 11/6/2013,
1315,SOMD orientation per judy proia,,figure skating
2873,,,
2879,,,
1059,glenelg 2005,,bowling
1478,,Snowshoe Coordinator 2011-2021; Office Manager 2014 to Present; Volunteer Coordinator 2013 - 2022; SOHO Volunteer of the Year 2020;,
1541,parent of ahtlete,,
2812,,"OTE Volunteer
Volunteer Coordinator 2022 - Present",
2815,,,
2367,,,
2759,,,
2307,,,
2157,,,
2465,,,
831,,commercial driver,golf 2002
800,,,basketball skills
1358,,,golf 2006
1951,,,
2369,,,
5,"RN, CRNP",,
2656,,,
905,Glenelg Country school,,figure skating 2003
1030,Glenelg,,
1134,Long Reach,,
1135,Long Reach,,
1136,Long Reach 2005,,
1700,parent of athlete,on-line protective behavior 10/31/10,basketball skills
2182,,,
2193,,,
2419,,,
2674,,,
2806,,,
892,lifeguard/ Reservoir H.S.,lifeguard,
777,Graphics Design,on-line  protective behaviors 10/30/07                              Five Year Service Award - October 2010,XC ski coach
1731,took orient at BC with mike czarnowsky,on-line protective behavior 3/31/11,t&F
1601,,,
2241,,,
2242,,,
493,,Golf Coach (2000-2009)                                           Basketball Coach (2001-2007)                                       Mort gets $500 per year through the State Farm Foundation Grants!                                                        Fi,Golf/BB 3x
2165,,PBC 4/10/2016,
2980,,,
805,,,
2032,,,
2170,,,
2488,,,
2705,,,
225,,Aquatics Coach (1995-2009)                                         Five Year Service Award - May 2003 (1995-2003)           SOMD Coach of the Year - 2005                                    Ten Year Service Award - May 2007 (1995-2007)             on-line ,Coaches aquatics
3064,,,
1179,Oakland mills 2004,,
2888,,,
2761,,,
796,,,
1752,,on-line protective behavior 9/12/11,
639,,,T&F Coach
682,"Goes by ""Micki""",,
705,parent,,2002 cycling
790,,,
1909,,PBC 9/30/2013,
2483,,,
2673,,,
2708,,,
2249,,,
2598,,,
1044,glenelg 2007,,
2186,Concussion training updated to 8/9/2027,,
2773,,,
1031,Glenelg 2007,,
1109,Long Reach 2005,,
2156,,,
2372,,,
1880,,,
1611,relative of athlete,on-line protective behavior 8/18/09,soccer 2009
2396,,,
1999,also an athlete,,
1024,Seton Keough High School,,9-14-03
1025,volunteering w/ daughte Kelsey,,9-14-03
1026,volunteer with daughter kelsey,,9-14-03
1625,parent of athlete,on line protective behavior 11/20/09,
581,Would like to coach soccer and basketball,,
3139,,,
525,,,Attended orientation
1274,parent of ahtlete,on-line protective behaviors 10/8/07,athletics 2005
1549,,,
2603,,,
955,"Softball Coach, powerlifting and Fitness coordinator",Five Year Service Award - October 2006; Ten Year Service Award - May 2011; SOHO Volunteer of the Year 2016;,Softball/ powerlifting
1594,Golf coach from 2009-2018; Passed away on 9/15/19,,
1405,wks with phil swanson/ cpr instructor,married to volunteer brian alleyne,basketball
2654,,,
2283,,PBC 5/25/2017,
2377,,,
1163,parent of Callie Seidel,,bowling/soccer
3016,,,
3017,,,
2053,,,
1122,Long Reach 2005,,
1711,,on-line protective behavior 2/28/11,
2178,,5/2/2016,
3052,,,
2856,,,
3018,,,
2857,,,
1771,used 2b gpd w/ daughter ( d. goddard) volunteer # 758,application updated 2/23/12,basketball
235,,,
1613,friend of katie gambale,on-line protective behavior 9/14/09,soccer partner
481,,"Bowling Coordinator  (1999- 2003); MATP program Coordinator (2002-2009)                    Outreach Coordinator (2005 to 2016)                 Five year Service Award October, 2006                           PBC 5/10/2015; SOHO Volunteer of the Year 2014",Bowling Coordinator
482,,Finance Director on Management Team 2007 to 2017 _                                           On-line protective behaviors 10/28/07,Merriweather
1908,,,
1976,,,
2613,,,
1057,glenelg 2007,,
1545,referred nancy van winter,,
2240,,,
2065,,,
2457,,,
1172,,,
1173,works for ARC,,
499,,,Presented awards at Eq Competition
690,Son Jessie is helping,,BB Skills
1427,aprent of athlete,wks childrens nat                                                                                      On-line protective behaviors  9/20/07,
2614,,,
2088,,Volunteer Coordinator July 2024-March 2025,
2394,,,
1123,Long Reach 2004,,
820,computer skills,,
2981,,,
2982,,,
1069,Long Reach,,basketball skills
2129,,PBC 10/25/2015,
1756,NO LONGER VOLUNTEERING PER 7/6/2020 EMAIL,,
2714,,,
2962,,,
2640,,,
1726,,,
685,,,Bowling Coach
579,Would like to help coach T&F,,
240,,,
1058,glenelg 2007,,
3090,,,
2109,,PBC 8/18/2015,
1892,,PBC 9/3/2013,
1893,,PBC 9/5/2013,
2689,,,
2950,,,
2444,,,
1622,,on line protective behavior 10/28/09,
1830,transfer from st mary's county,on-line protective behavior 5/18/12,basketball
1306,,,volleyball
2132,,,
2397,,,
2403,,,
2359,,,
1166,,,
2354,,,
2559,,,
1255,jack burk's daughter /son in law,jack burk's daughter /son in law,basketball 3v3
1859,,,
1877,,,
2083,,,
2300,RN,,
2551,,,
2916,,,
2963,,,
2660,,,
2309,,,
2895,,,
1486,,original volunteer # 1327                                                      on-line protective behavior  6/13/08,equest 2008
2221,,,
242,,,
2697,,,
2698,,,
2704,,,
2937,,,
2535,,,
1824,,on-line protective behavior 9/25/12,powerlifting and alpine
3040,,,
3042,,,
911,Glenelg Country School,,auquatics/bowling 2003
3019,,,
3020,,,
3021,,,
3164,,,
3069,,,
1232,,,figure skating
1547,,,Basketball 3x3 Coach
2015,,,
2016,,,
2522,Physical Therapist,,
1845,,PBC 2/17/2013,
2411,,,
1650,fort meade/ JSA,on-line protective behavior 3/10/10?,equestrian 2010
2395,,,
930,Glenelg Country School,,soccer 2005
755,"Certified basketball official, 5x5 volunteer",Certified BB Official,Basketball
483,,Member of SOMD Equestrian SDT 2001 - 2002          Equestrian Co-coordinator 1999 - 2003,Equestrian Coordinator
245,MoMcCart65@gmail.com,"Former Directors of SOHO, 1993-1997",
2355,,,
2356,,,
1151,Long Reach,,
833,SAC Coach,SAC certified Soccer Coach;  Five Year Service Award November 2007;  Good Sports Coach Award 2015,
834,see John McDonough,see John McDonough,soccer 2002
1808,,,
484,,,Basketball Coach
1273,parent of athlete,,
2177,,,
1453,parent of athlete,,
1004,parent of Larry McGinn,On-line protective behaviors 10/8/07,
2393,,,
1449,principle hammond middle school,Protec behav  online 9/17/07,
1690,aprent of volunteer,on-line protective behavior 11/9/10,
3053,,,
3072,Powerlifting and LDR,,
1536,referred ny kevin colabucci,on-line protective behavior 11/5/08,basketball
2874,,,
2875,,,
2304,,,
1971,,,
1977,,,
2253,,,
1263,,on-line protective behavior 4/22/08,bocce 2005
1606,parent of athlete,"on-line protective behavior 8/21/09 and 7/7/2013 & 7/18/2016
Flag Football Coordinator 2009 - Present",flag football
839,with mom,,soccer 2002
840,with daughter,,
1438,parent of volunteer,On-line protective behaviors 10/2/07,
1715,,protective behavior 1/24/11?,
1801,parent of volunteer,,
2407,,,
2930,,,
2699,,Athlete Leadership Program Coordinator 2023 to Present; Volunteer Coordinator April 2025 to Present,
584,,,Tennis 2013
1307,friend of Kim Chamberlain,,
1793,parent of athlete,protective behavior 4/23/12,bocce/ bowling
1794,parent of athlete,protective behavior 6/9/12,
1813,ROA,on-line protective behavior 6/11/12,bowling
2904,,,
2482,,,
2595,,,
1678,,on-line protective behavior 8/31/10,
1679,attends hcc,,
1222,River Hill HS 2006,,soccer 2004
2983,,,
3022,,,
3112,,,
3023,,,
1745,,on-line protective behavior 9/7/11,
2524,Physician,,
2525,,,
1476,,on line protective behavior 1/24/08,basketball 2008
2096,,PBC 8/3/2015,
1517,avail to assist with Iwalk and fundraising,on-line protective behavior 11/9/08,
1723,friend of dave donovan,on-line protective behavior 3/16/11,track and field
2290,,,
1684,,on-line protective 9/10/10,soccer unifed
2417,,,
722,,,
1133,Long Reach 2004,,
1630,,protective behavior 12/2/09,basketball 2010
2984,,,
2639,,,
2350,,,
551,,"One of four individuals (Baker, Miceli, Waschak, Wrathall) to restart & reinvigorize Special Olympics in 1998; SOMD Volunteer of the Year, 1999; Assistant Director 2000 - Present; Ten Year Service Award - 2006; Fifteen Year Service Award - June 2009;     ",Asst Director
2222,,PBC 8/7/2016,
2343,,,
2688,,,
669,riverhill hs 2006,,
687,Executive Team member,"Public Relations Director, 2001- 2019;   Executive Mgmt Team 2004 to 2019; Five Year Service Award Oct 2006; Ten Year Service Award April 2012;
Adaptive Academy courses at Whitetail, Dec. 2015; Alpine Ski Coach 2013-2016; Tennis Asst Coach 2006 to 2018; S",Public Relations
1460,,on-line protective behaviors 10/3/07,softball invitational
2994,,,
1215,parent of Davis Mill,,soccer 2004
2057,,,
486,,,MTHA Equestrian Coach
585,RN working at Howard County General,,
628,Previous volunteer as evt mngr at state competition,,
1589,,on-line protective behavior 8/14/09,tennis 2009
1680,POA,on-line protective 5/24/10,booce chaperone 2010
1709,,Good Sports Coach Award 2016,basketball
1807,POA,,volleyball medical
2153,,,
2162,,PBC 4/21/2016,
2692,,,
2985,,,
3024,,,
3025,,,
2850,,,
2723,,,
2840,,,
2484,,,
3163,,,
1988,,PBC 7/2/2014,
1349,parent of athlete,"New Jersey National Games Logistics Coordinator 2014; Golf L2-5 Coach 2008 - Present; Basketball Coach 2006 - Present; Bowling Coach 2006 - 2014, 2019-Present,  SOHO Coach of the Year 2012;
CSOA trainer 2014-2019;
Volunteer Orientation presenter 2018-2020",
1350,parent of athlete,Golf Level 2-5 Coordinator 2017-2023,
1776,SOA (old student database #145-1378),Golf Coordinator 2017,
2115,,,
2432,,,
261,,,
3161,,,
263,,,
2000,,,
2402,,,
1184,gleneg 2005,,
2632,,,
1048,glenelg 2007,,
1000,,,Rattlewood 2003
1930,,PBC 11/4/2013,
2464,,BB 5v5PD Co-coordinator 2022-2023,
2722,,,
1858,RN,,
264,parent of ahtlete     mooneyh@saic.com,Five Year Service Award - October 2006,
1992,,,
1068,long reach 2005,,bowling2005
1906,,PBC 8/19/2013,
2451,,,
2501,,,
2267,,5/16/2017,
1878,,,
1377,,On-line protective behaviors 9/24/07,
3050,,,
2616,transfer from Fredericl County,,
3117,,,
1229,mother of athlete,On-line protective behaviors 11/2/07 and 3/9/2013,figure skating
1203,special ed teacher,,orientation
3055,,,
2606,,,
855,,on-line protective behaviors 9/16/07,figure skating
1360,columbia ski club,,
1986,,,
1851,,PBC 2/23/2013,
1852,,PBC 2/23/2013,
608,Would like to help with basketball and track,,
688,,Five Year Service Award - March 2006,
1831,,protective behavior on-line11/19/12,2014 basketball
2326,,,
2316,,,
2986,,,
2496,,Office intern 2018-2019,
1617,,on-line protective behavior 9/3/09,flag football
2185,,,
2427,,,
2431,,,
2841,,,
2716,,,
2211,,,
2601,,,
748,New Powerlifting coach,,Powerlifting Coach
1319,sister of athlete chris schoenbrodt,david karl myers 9-6-89                                                         Matthew Scott myers  5-15-92,bowling 2005
1975,,,
2097,,,
2124,,PBC 10/19/2015,
1081,Long Reach 2005,,bowling
2650,,,
2783,,Kayaking Coordinator in 2022,
2600,,,
1107,Long Reach 2004,,
1114,Long Reach 2005,,
3067,,,Tennis
957,Glenelg Country School,Glenelg Country school,2003 track and field
2739,,,
2772,,,
2923,,,
3076,Volleyball,,
2987,,,
2645,,,
2024,,,
2374,,,
568,Would like to coach softball,,
3087,Swimming,,
3088,Swimmimg,,
1724,from JHUAPL referral program,on-line protective behavior 1/24/11,
2611,,,
284,,,
1655,POV / centennial kinderg para-educator,on-line protective behavior  2/23/10,
2949,,,
640,Law enforcement - Torch run leader in state,,Softball Competition
2439,,,
2440,,,
2342,,,
2802,,,
1130,Long Reach 2005,,
3148,,,
2644,,,
1561,,on-line protecive behavior 3/28/09,figure skating
1990,,5/14/2014,
1117,Long Reach,,
2352,,,
1552,parent of studnt volunteer,on-line protecive behavior 12/17/08,
448,,,BB skills Coaches
737,,,BB Skills Coaches
487,,Five Year Service Award - March 2006,
2584,,,
2592,,,
1385,,,
1053,glenelg 2005,,
1409,,,
1410,wks w/ lavonne smith,wks w/ athlete parent lavonne smith,basketball
1964,,,
1221,Spec ed teacher Oakland mills HS,online protective behaviors 1/31/08/  and  10-5-07,
1603,audiologist,on-line protective behavior 9/1/09,
650,,,BB Coach
2964,,,
2381,,,
3065,,,
2769,,,
3026,,,
1126,Long Reach 2004,,
2622,,,
1509,referred by check spaulding,"school address 8504 16th street #117- SS, md 20910     on-line protective behavior  10/26/08",
2045,,,
2161,,PBC 3/11/2016,
2384,,,
1056,glenelg 2007,,
2665,,,
2666,,,
2790,,,
1361,columbia ski slub,,
946,jack collins / colleen collins,jack collins   11-8-89/ colleen collins  12-6-90,
2375,,,
2678,,"Management Team member, Social Media Coordinator 2021 - Present",
2727,,,
969,Glenelg Country Scool,glenelg country school,
3097,,,
2735,,,
2736,,,
1640,,,basketball
1664,,,
2224,,PBC 12/5/2016,
606,Would like to help with volleyball,,Volleyball Competition
1915,,PBC 7/14/2016,
2423,,,
1006,mother and son team,12/21/89 <<  DOB Ryan                                               Gina >>protective behavior 3/5/10,Rattlewood 2003
1643,,on-line protective behavior 3/5/10,
1757,HCC volunteer fair,on-line protective behavior 10/23/11,bowling
1158,,,ski 2004
2039,,PBC 12/11/2014,
2040,,PBC 12/11/2014,
2323,,SOHO Family of the Year 2022,
2760,,SOHO Family of the Year 2022,
2199,,"SOHO Family of the Year 2022
Special Projects Coordinator 2023 to Present",
2429,,,
3096,,,
1818,,on-line protective behavior 8/8/12,
2744,,,
925,Glenelg Country school,,2003 bowling
2715,,,
2365,,,
629,,,2005 softball tourn
2635,,,
2067,,,
1200,parent of athlete Kirstin Smith, Five Year Service Award - June 2009 (2004-2009),
3093,,,
915,Glenelg Country School,,
2203,,PBC 10/17/2016,
2120,,,
2749,,,
2043,,PBC 1/6/2015,
2044,,,
2562,,,
2204,,,
1440,referred by marilyn miceli,on-line protective behavior  4/10/09,softball 2009
2001,,,
3027,,,
3091,,,
2263,,PBC 6/6/2017,
1150,Long Reach 2004,,
1285,parent of athlete,Five Year Service Award - November 2007                     On-line protective behaviors 9/18/07,2005 summer games
1436,parent of athlete,soccer coord.                                                                   On-line protective behav. 9/17/07,soccer 2007
789,Father of Nitesh,Tennis Coordinator 2002 to 2005;                   alternate work # 410-712-0500 ext 102  / wk e-mail bharat.parikh@yum.com,
998,parent of Nitish,Tennis Coordinator 2006 to 2012.                                 on-line protective behav. 8/18/07                                     Five Year Service Award - October 2008,tennis 2003
2566,,,
2819,,,
977,,,soccer 2003
2647,,,
293,Sister to Misha Parks(athlete),"Attended coaches certification for basketball, 1/2006   Five Year Service Award - March 2006                               roger parks- cell 443-794-2909                                        On-line protective behaviors 10/2/07",BB 3x
294,," Awarded 5 year Service Plaque, 11/9/01; Awarded 10 year service Watch; 3/12/06; SOHO Coach of the Year 2014;",
1369,,SOHO Family of the Year 2017;,
1882,,SOHO Family of the Year 2017;    Snowshoe Coordinator 2022-Present,
1883,,SOHO Family of the Year 2017;,
965,glenelg country school teacher,glenelg country school,
1202,parent of athlete Lisa parrish,,
1331,parent of athlete,,
754,Bowling Coach for Parks and Rec; laura_parsons@hcpss.org,,Bowling
296,,,
1046,glenelg 2007,,
298,,,
511,BB skills coordinator; fax # 301317-0843,,BB 3x3 coordinator
809,,,
810,,,
811,,photography/grapic desogn,
2596,,,
1313,SOMD orientation per judy proia,,figure skating
301,,,
3028,,,
3029,,,
1593,,on-line protective behavior 7/22/09,
1362,Softball coordinator,Softball Coordinator 2006 to Present,Softball tournament
2686,,,
2118,,,
2171,,PBC 5/27/2016,
2017,,,
1721,friend of the donovans,on-line protective behavior 2/8/11,athletics
1275,,,
2080,,,
1346,,,T&F 2006
1270,,,figure skating 2005
2539,,,
1529,refeered by newspaper for soccer,On-line protective behavior 8/19/08,"soccer2009, BB 2009"
303,,,
589,Parent of Randi,Competition Coordinator 2004-Present;  Five Year Service Award October 2006; Ten Year Service Award - April 2011:SOHO Volunteer of the Year 2013; HC R&P Good Sports Administrative Award 2017;,competition coord
753,Parent of Randi,"Presented 5 year Service Award, 11/9/01                       Head Powerlifting Coach, 2000 to 2003   Fitness and powerlifting volunteer 2004-Present;",Powerlifting/cycling
1973,,PBC 4/7/2014,
716,,,Golf Coaches
738,,,Golf Coaches
2899,,,
2958,,,
2583,,,
2836,,,
1005,parent of athlete,,basketball-skills
1205,sister of athlete Karman Hamilton,,orientation
1094,Long Reach 2004,,
1728,friend of the donovans,on-line protective behavior 1/28/11,t&F
1729,friend of the donovans,on-line protective behavior 3/28/11,athletics
1670,ROA- bobinski,on-line 8/25/10,powerlifting
2917,,,
1204,brother of athlete Molly Peter/ atholton 2005,,orientation
1618,parent of athlete,on-line protective behavior  5/28/09,cheerleading coord
1420,,,athletics
1742,referred from baltimore county,protective behavior 8/22/11,
544,,,Softball Tournament
1586,LRHS 2005,football 2009 // on-line protective behavior 8/10/09,flag football 2009
1652,Fort meade/ JSA,on-line protective behavior 3/11/10,
2082,,,
2472,,,
3151,,,
510,,Athletics Coordinator 3/1997 to 6/2003,"T&F Coordinator, PGA"
1419,sister of athlete,On-line protective behaviors 9/17/07,athletics 2007
837,,ballet/dance                                                                     on-line protective behavior 9/25/07,figure skating 2002
838,w/daughter,,orientation
2468,,Outreach Coordinator 2019 - Present,
1534,retired,,
847,,,equestrian 2002
3030,,,
545,,,Attended orientation session
1637,POA,,
1638,POA, IW Planning Team 2013 - Present,
1835,POA,protective behavior -online 10/29/12,
1963,,PBC 10/29/2012,
2089,,PBC 7/3/2015,
2142,,,
2288,,,
3129,,,
1767, from the joseph cupertino friary,on-line protective behavior 12/12/11,
2058,,PBC 3/9/2015,
311,,on-line protective behaviors sept/oct 2007,
1432,referred by katie gambale,teacher  folly quarter MS                                                  On-line protective behaviors 9/20/07,soccer 2007
2918,,,
460,Works for BGE and helps with Cadiz Caravan,,"Merriweather, PGA"
1356,,"on-line protective behavior 2/8/12                          application updated 2/23/12                                     original application under Cameron ""Shar"" Taliaferro",
2928,,,
2943,,,
703,parent,,golf/basket/cycling
1047,glenelg 2005,,
1991,,,
2183,,,
947,brother to christopher,SOHO Family of the Year 2014;,
1302,sibling,Powerlifting and Fitness Volunteer 2005 - Present; SOHO Family of the Year 2014;,
1413,"parent of athlete, Con 8/31/2027, Medical",SOHO Family of the Year 2014; Powerlifting coach / volunteer 2002 - Present; Fitness coach 2010 - Present;,2014 basketball
1414,parent of ahtlete,Softball Tee Ball Coordinator 2008 - 2014; SOHO Family of the Year 2014;                                PBC 2/7/09,
1790,,,golf
1321,,family friend of ski coach katie gambale                           On-line protective behaviors 10/2/07,WISP 2006
1402,family friend of M/M shea  ( katie gambale's parents),online protective behaviors 3/28/08,alpine ski
2587,,,
2725,,,
923,Glenelg Country School,,
964,Glenelg Country school,Glenelg Country School,
494,,,Possible aquatics coach
2366,,,
2911,,,
2322,,,
1914,,PBC 9/28/2013,
1615,,on-line protective behavior 9/8/09 and 7/6/2013,golf
1616,,on-line protective behavior 9/9/09,
1636,,protecticve behavior 12/28/09,
1956,,PBC 1/27/2014,
1957,,PBC 1/27/2014,
2413,,,
2649,,,
2680,,,
1153,Long Reach 2004,,
712,,Tennis Coordinator 2001 to 2002                                Figure Skating Coordinator 2001 - 2009                         Five Year Service Award - May 2006                               on-line protective behaviors 12/21/07  and 9/21/07 and 1/15/2014,f. skating/tennis
733,Golf Partner for Katie,On-line protective behaviors 9/21/07,Golf/tennis
735,,,Golf Competition
882,sister of katie proia,,tennis
1022,SOHC athlete,on-line protective behavior 10/6/10,tennis/golf
1185,glenelg 2005,,
2110,,,
2228,,,
1142,Long Reach 2004,,
1387,,,volleyball 2006
1201,,,orientation
2588,,,
317,,,
1357,,,
318,,,
2531,,,
2871,,,
2730,,,
656,Parent of young special needs child; wants to coach,,Ski practice
2934,,,
3153,,,
609,,Five Year Service Award - May 2007 (2001-2007)           on-line protective 2/7/08                                                Ten Year Service Award - June 2010,Aquatics
1330,parent of volunteer mikael keefer,On-line protective behaviors 9/16/07,
1411,parent of volunteer,father of volunteer  rappaport & keefer,
1500,parent of volunteer eli salazar,on-line protective behavior 8/12/08,
891,Resevoir H.S.,,
1431,parent of student volunteer,on-line protective behaviors 9/20/07,
1368,,gail.rayburn@jhuapl.edu,8-29-06
528,,,Softball Tournament
2684,,,
2811,,,
973,,,basketball
461,Bowling and golf tournaments,,"Fall Golf tournament, does many fundraisers"
2518,,,
2059,,,
993,part of Brophy Family,,softball invitational 2003
322,3018299044,Five Year Service Award - October 2006,Certified Golf coach for SOI event
2265,,PBC 5/16/2017,
2266,,,
3031,,,
1077,Long Reach,,
2661,,,
2662,,,
1681,,on-line protective 7/20/10,tennis
2026,,,
2746,,,
3134,Pickleball,,
2092,,,
1653,POA in montgomery County,on-line protective behavior 1/11/10,
2332,,,
2046,,,
2250,,,
2425,,,
2134,,,
2701,,,
2258,,,
1023,Centennial High School,,powerlifting 2003
1947,,,
879,,certified CPR/Lifeguard,
2426,,,
334,,,
335,,,
1088,Long Reach 2005,,
1093,Long Reach 2005,,
2837,,,
2947,,,
2634,,,
1511,parent of ahtlete,on-line protective behavior 9/12/08,golf 2008
1531,parent of athlete,,.
1505,SO caoch in NJ,protective behavior 8/11/08,soccer 2008
1600,,on-line protective behavior 5/26/09,soccer 2009
2260,,PBC 3/22/2017,
2442,,,
2526,,,
2703,,,
2779,,,
1927,,PBC 11/6/2013,
1103,Long Reach 2005,,
1764,,on-line protective behavior 12/11/11,basketball
1765,,on-line protective behavior 12/11/11,basketball
1774,grandmother of FOV,on-line protective behavior 12/17/12,
2754,,,
1403,family friend of M/M shea  ( katie gambale's parents),,ski
1404,family friend of M/M shea  ( katie gambale's parents),on-line protective behaviors  10/9/07 and 2/23/09,ski
337,,,
1089,Long Reach 2004,,
1766, from the joseph cupertino friary,on-line protective behavior 12/12/11,
2500,,,
2181,,,
756,Former director and current Cedar Lane teacher,MATP Training - 12/7/01,MATP Training
472,,,Golf Coach
3084,YAP,,
3085,YAP,,
2259,,,
1418,friend of Nicole petro,,athletics 2007
2833,,,
1658,POA,on-line protective behavior 3/8/10,
3082,,,
1768, from the joseph cupertino friary,on-line protective behavior 12/15/11,
1286,parent of athlete,,2005 summer games
1691,parent of athlete,on-line protective behavior 11/15/10,softball coordinator
2753,,,
1407,mother of athlete  gunter roller,on-line protective behaviors 9/20/07 and 4/7/09,basket 3v3
1435,parent of athlete,on-line protective behaviors 9/20/07 and 4/7/09,cycling 2007
3157,,,
333,,,"basketball,soccer,athletics coach"
344,,,"2002Soccer, Basketball, T&F coach"
2187,,Volunteer orientation presenter 2018-2020,
2324,,,
1739,parent of ahtlete,,
2087,,,
1514,,on-line protective behavior 11/3/08,
345,"Competition coord,Cross Country ski coach, management team","Competition Coordinator 2000 - 2002                      Awarded 5 year Service Plaque, 11/9/01                        Ski Team Coordinator 1996 - 2000",
346,"Coach for tennis, skiing, and golf","Head Ski Coach, 1996-2002                                    Awarded 5 year Service Plaque, 1/9/01",Golf
1663,POA,on-line protective behavior 2/18/10 and 9/30/2013,aqautics
2286,,,
1931,,,
780,,,
1009,Wilde Lake Teacher,referred by meaghan greshover                                                                            NHS advisor WLHS,volleyball 2003
1891,,,
2130,,,
795,,,
2105,,,
2529,,,
2832,,,
1100,Long Reach,,
1124,Long Reach,,
1527,parent of athlete Aiden,on-line protective behavior 8/7/08,soccer 2008
1861,,PBC 3/2/2013,
1564,friend of diane mikulis,on-line protecive behavior 3/29/09,tennis 2009
721,,,
2169,,,
2335,,,
2360,,,
1078,Long Reach 2004,,bowling
1052,glenelg 2005,,
2766,,,
2710,,,
1737,parent of athlete,,
2392,,,
559,,,"PGA,Merriweather, data entry"
1974,,,
1395,also a  SO athlete,,basketball 2007
613,Would like to help on weekends and during fall,,
3032,,,
3033,,,
2919,,,
1538,6th grade teacher at Glenwood MS,,basketball
1543,,,basketball
1862,,,
1958,,,
1380,parent  of athlete,On-line protective behaviors 9/20/07,golf 2006
1661,sister in law of athlete,on-line protective behavior 3/16/10,golf
1662,SOA,on-line protective behavior 1/8/10,golf
1732,brother of athlete,,unified golf
723,,,
1633,,,
2838,,,
2490,,,
1169,Centennial 2005,,
1272,,,equestrian 2005
2758,,,
2886,,,
2925,,,
1012,WLHS 2008,updated 3-11-07  online protective behaviors 1/18/08,aquatics 2007
1013,parent of Julia Schnorf, Fundraising Director 2017 to Present,
1522,parent of ahtlete,on-line protective behavior 9/14/08,xc running
1938,,PBC 9/14/2008,
360,parent of athlete,PBC 9/17/07; Bowling Coordinator 1999 to 2013;  Ten  Year Service Award - February 2009,Bowling 2007
1542,brother of athlete,,uniifed bowler
2126,,PBC 10/18/2015,
1238,parent of athlete Clara,,
2370,,,
2458,Athlete,,
2862,,,
1470,volunteer from montgomery county orientation,on-line protective behavior 12/11/07,figure skating
2545,,,
561,,,Would like to coach and help at special events
813,,,Would like to coach and help at special events
1188,SOMD District Director,,
1157,Centennial 2005,,11/23/03
1588,,football 2009 //on-line protective behavior8/14/09,
1354,aid to nicholas mineart,,
1743,,protective behavior 8/5/11,
1962,,,
2268,,PBC 5/15/2017,
2104,,,
1174,wks cedar lane,,
2913,,,
791,Outreach coord. For Young School,Would like to get her school involved in tournament.,
824,,high school wrestling,powerlifting 2002
2191,,PBC 9/14/2016,
1159,Cenntennial 2005,,
1590,house counselor  2 scott heim,on-line protective behavior 6/30/09,
2201,,,
614,Merriweather,,
3034,,,
2131,,,
2019,,,
2652,,,
2653,,,
2489,,,
2554,,,
1528,referred nancy van winter,on-line protective behavior  9/12/08,Tennis 2013
2399,,,
1320,"Ski, Aquatics, T&F, Soccer",Head ski coach  2007 to 2012                                                     On-line protective behaviors 9/18/07                              Swimming Coach 2006-2007                                                Raised over $2000 for IW each year  ,alpine coach 2012
1323,mother of ski coach katie gambale,,wisp 2006
1383,parent of ski coach katie gambale,on-line protective behaviors  4/18/08,ski 2007
2655,,,
492,,Golf Coach (2000-2009)                                           Basketball Coach (2001-2007)                                       Barbara gets $500 per year through the State Farm Foundation Grants (since 1999)!                                     Five ,BB 3x/Golf
655,,,
1537,univ of towson 2010,on-line protective behavior 11/21/08,
2227,,PBC 2/1/2017,
2025,,,
2646,,,
2599,,,
778,She has played softball for 5 years,,
724,,,
994,,,softball invitational 2003
2807,,,
2141,,PBC 1/15/2016,
1388,orientation by janet Novak,#61205 orientationkeller Shinholser  by janet Novak           #61202 edward logan shinholser 5/29/91              #61203  Colby Ward Shinholser 1/5/94                  #61204 Amanda patricia Shinholser  12/14/89,SOMD summer  games 2006
968,Glenelg Country School,Glenelg Country School,2003 bocce
950,Figure skating coach,,
2200,,PBC 10/13/2016,
529,,,Attended orientation
1225,parent of athlete,unified volleyball 2004                                                 online protective behaviors 3-16-08 & 5/20/10  updated application 8/26/10,unified volleyball 2004
2931,,,
1770,,on-line protective behavior 1/22/12,
2051,,,
2401,,,
823,,retired nurse,
830,,CPR certified,VOLLEYBALL 2002
2959,,,
2520,,,
1910,,,
2787,,,
666,parent of athlete,Softball coach 2000 - Present                                                       Basketball coach 2000 - 2009                                        Five Year Service Award - March 2007 (1999-2007)      Ten Year Service Award - May 2011                ,
2198,,PBC 10/23/2016,
2618,,,
1266,parent of athlete,,athletics/golf2005
369,,,BB Coach
1379,parent of athlete,"On-line protective behaviors 9/20/07 and 7/10/2013
 updated application 9/11/10",golf 2006
2449,,,
2717,,,
1154,"Trained Volunteer Orientation trainer / LRHS, now Marriotts",on-line protective behaviors 9/25/07,
1599,,on-line protective behavior 7/22/09,golf skill 2009
2408,,,
2670,,,
2671,,,
2718,,,
2814,,,
2642,,,
449,,,Golf (with Wayne)
736,,Office Manager 01/1999 -12/2013 (Retired)                            Five Year Service Award - October 2006  Ten Year Service Award - July 2009,Office
1933,,PBC 10/29/2013,
1917,,PBC 9/12/2013,
1901,,PBC 9/3/2013,
604,Would like to get more involved with our program,,State Summer Games
370,,,
502,,,PGA
770,Available on weekends,,
1351,parent of athletes,On-line protective behaviors  10/5/07,
1461,parent of athlete  lavonne_smith@hcpss.org,SOHO Volunteer of the Year 2017;,basketball coord 2008
1668,parent of athlete,on-line 7/3/10,
1826,SOHC athlete,HC R&P Good Sports Adult Athlete Award 2016,basketball skills
2175,,,
2195,,PBC 9/12/2016,
2232,,PBC 3/1/2017,
2741,,,
1393,parent of volunteer,,
1550,parent of athlete,on-line protecive behavior 3/23/09 and 2/24/2013,equestrian 2009
1923,,PBC 9/4/2013,
889,sister to christopher snell,sister to christopher snell,figure skating
1363,parent of athlete,,
2503,,,
2892,,,
1535,,on-line protective behavior 10/7/08,
1464,wks w/ phil swanson- bskt coord,On-line protective behaviors 9/18/07,2008 basketball  3v3
1445,orientation at state,,
3035,,,
2455,,,
1863,aquatics,Soccer Skills Coordinator 2014 - 2023,
1865,,Soccer coordinator 2014-2023,
2667,,,
2271,,,
2459,,,
2478,,Flag Football Coordinator 2019 - Present,
2247,,PBC 4/10/2017,
2694,,,
2854,,,
373,,,
1815,,"on-line protective behavior 8/27/12
PBC 8/15/2015",
878,cspalding@hcpss.org,,BB
649,Deputy Chief for Operations,,
2487,,,
1708,volunteers with daughters,on-line protective behavior 12/28/10,basketball skills
1317,fitness trainer,,ski fitness coach
611,Would like daughter to get involved,,BB Skills
732,,,
675,Bowling,,
2517,Moved to Georgia,,
1521,parent of ahtlete aiden saienni,on-line protective behavior 8/10/08,
897,reservoir H.S.,,
453,,,Police Officer  handed out medals at Eq Comp.
375,,,
377,,,
1197,,,
1579,,on-line protective behavior 3/30/09,basketball 2009
1241,,,aquatics/golf
378,,,
2270,,,
2940,,,
474,,Five Year Service Award - October 2006,
1733,,,
1746,,on-line protective behavior 8/30/11,soccer
530,,,Softball Tournament
1311,SOMD orientation per judy proia,On-line protective behaviors 9/19/07,figure skating
2847,,,
2406,,,
1641,,protecticve behavior12/7/09,Inspire walk
2912,,,
1450,,on-line Protective Behaviors  10/22/07,basketball 2008
2389,,,
2834,,,
2166,,11/8/2015,
1382,,online protective behaviors 1/23/08,
2434,,,
2808,,,
2738,,,
2138,,,
2346,,,
631,,"Family Coordinator, 2000 to Present              Five Year Service Award - November 2006                               Ten Year Service Award - April 2011",Family Coordinator
1176,Althoton 2004,,
1455,parent of ahtlete,on-line Protective Behaviors 10-20-07,bowling 2008
1457,parent of athlete,on line protective behaviors 10/20/07,bowling 2008
1900,Athlete and Volunteer,PBC 9/4/2013 & 9/10/2016                   SOHO Management Team 2001-2023;  SOMD Board of Directors 2016-2017;    SOMD Torch Run Athlete Rep 2018-2019,2013 Volleyball
1075,Long Reach 2005,,
554,,updated application 11/5/09                                            on-line protective behavior  9/14/09,Basketball coach
384,,,
1060,glenelg 2005,,
1659,,flag footfall                                                                          on-line protective behavior 3/16/10,equestrian
2844,,,
2564,,,
1623,parent of athlete,,
1583,Bollman bridge ES teacher,on-line protective behavior  3/28/09,
799,,,
804,,,
546,,,MTHA Eq Volunteers
1920,,,
2876,,,
387,,,
3104,,,
2633,,,
1376,parent of ahtlete,Basketball 3x3 coordinator 2006-2010                                 On-line protective behaviors 9/16/07,basketball 2006
1657,POA,on-line protective behavior 3/14/10,
2251,,,
2988,,,
2172,,,
1762,wks for under armour, Finance Coordinator May 2019 to Present,
942,,referred by kelly Kluka,
1247,orient by SOMD?,,figure skating
390,,,
3158,,,
2726,,,
2679,,,
2530,,,
3098,Soccer,,
2246,,PBC 4/10/2017,
2256,,,
1619,cousin to athlete,on line protective behavior 11/5/09,
1620,aunt to athlete,on line protective behavior 11/3/09,
1309,parent,"Cross Country/Alpine Coach 2004 - Present                   Golf Coordinator April, 2006 - Present                               On-line protective behaviors 11/5/07",XC/golf
1489,grandfather of athlete,protective behavior on-line 8/11/08                               unified partner release,golf 2008
2764,,,
2824,,,
2825,,,
1868,,,
2378,,,
1989,,PBC 7/15/2014,
1128,Long Reach 2005,,
1105,Long Reach 2005,,BB skills
1512,,on-line protective behavior  8/23/08,
1926,,PBC 2/17/2014,
1961,,,
2002,,,
2523,,,
2541,,,
2623,,,
2965,,,
1832,,,
1848,,PBC 1/31/2013,
1944,,,
2122,,PBC 10/27/2015,
1987,,,
1262,wks cedar lane school,,
2801,,,
394,Physician,,
717,"Would like to coach soccer and tennis,",,Milan and daughter (Mitali).
774,Physician,,
775,Newsletter,,
1513,referred by beth greenberg- NRG networking,on-line protective behavior 10/.30/08,aquatic 2009
2513,,,
2932,,,
759,,Five Year Service Award - November 2007,
1198,parent of athlete, Five Year Service Award - June 2009 (2004-2009),
2243,SOHO Athlete,,
2103,,PBC 9/14/2015,
2593,,,
2855,,,
1833,,,
2285,,,
2675,,,
3001,,,
3049,,,
2889,,,
475,,,Volleyball and softball coach
515,,,PGA
1612,friend of katie gambale,on-line protective behavior 9/14/09,soccer unified
400,,,
2926,,,
574,,,
1853,,PBC 2/24/2013,
1784,,,
1785,,,
922,Glenelg Country School,,
2255,,,
3036,,,
622,,girl scout -bowling copmpetition,
623,Competitions / Girl Scout Leader,,Softball and Bowling Tourneys
918,Glenelg Country School,,
2853,,,
868,,donna 12-11-59,Rattlewood 2003
401,,,
1293,parent of athlete,online protective behaviors  3-25-08,
1493,parent of ahtlete,on-line protective behavior 8/9/08,
3154,,,
2125,,,
1399,,,
1143,Long Reach 2004,,
2192,,,
2230,,,
549,,,Karen  PGA
3099,LDR,,
403,,,
2225,,PBC 1/22/2017,
2989,,,
1095,"Long Reach 2005, Nickname Reesy",on-line protective behavior 10/15/09                        updated application 11/5/09,powerlifting 2003
2023,,,
2303,HCPSS Nurse,,
3145,,,
2990,,,
3110,Works For S.O.I,,
404,,,
1621,,on line protective behavior  9/9/09,
1607,parent of athlete,on-line protective behavior 9/3/09 and 8/26/2016,flag football coord
1608,parent of athlete,,
2948,,,
3140,,,
2119,,SOHO Family of the Year 2021,
2637,,SOHO Family of the Year 2021,
2901,,,
2905,,,
2906,,,
730,"Would like to coach VB, cycling, equestrian",,
531,,,Softball Tournament
1347,parent of volunteer,SOHO Coach of the Year 2013;,
2176,,,
2604,,,
2767,,,
2800,,,
2155,,PBC 3/3/2016,
1479,parent of athlete chelsey mikesell,on line protective behavior 4/6/08,equestrian/ vball
2615,,,
2325,,,
2418,,,
2376,,,
2380,,,
3083,LDR,,
713,,Five Year Service Award - March 2006,BB 3x3 Coach
1292,justin 4-29-89  good council H.S.,,
711,,,Swimming
2173,,,
1437,parent of athlete,SOHO Family of the Year 2016;,
1587,parent of ahtlete,SOHO Family of the Year 2016;,
1791,sister of athlete,SOHO Family of the Year 2016;,
2188,,SOHO Family of the Year 2016;,
512,,,PGA
2210,,,
2533,,,
2534,,,
1712,,,equestrian
2282,,PBC 5/17/2017,
2519,,,
3081,PB-9/26/2027,,
452,Cell # 410-299-2505;  Merriweather Coordinator,MPP 1999-2001                                                               on-line protective behaviors 10/2/07,"Merriweather, Management teamPR"
1446,TRRC instructor,,equestrian 2007
3160,,,
1456,SOHC athlete,on-line protective behaviors 10/28/07,golf skills 2008
2219,,PBC 1/4/2017,
412,,Golf Coach 1997-2011                            Member of SOMD Golf SDT 2001 - 2006                      Five Year Service Award - October 2006                            On-line protective behaviors 9/16/07                            Ten Year Service Awa,Golf coach
1401,howard community college,,basketball
691,,,Bowling
734,,,
2070,,,
1207,,,softball 2004
413,,,
927,Glenelg Country School,,
960,Glenelg Country School,Glenelg Country School,
3047,,,
2272,,,
2273,,,
2312,,,
2099,,,
2474,,,
2676,,,
2831,,,
2507,,,
3086,,,
2415,,,
2456,,,
1585,parent of ahtlete,,
1869,,,
459,,"One of four individuals (Baker, Miceli, Waschak, Wrathall) to restart & reinvigorize Special Olympics in 1998;  SOMD Aquatics SDT 2001 - 2009; Fundraising Coodinator 1997 - Present; Aquatics Coordinator 1997 to Present; SOMD Best Local Sponsor Award Winne",AllanManagement team; Joe&KathyPGA
1248,brother to athlete,,basketball skills/soccer
1669,parent of athlete; RN,Nurse at many events over the years,
1120,Long Reach 2005,,
418,,,
2991,,,
3037,,,
2084,,,
2859,Coach for Basketball,Coach traning for Basketball skills taken August 2024 to be assistnt coach.,
914,Glenelg Country School,,2003 bowling
2580,,,
1374,,On-line protective behaviors 9/20/07,xc running
1837,Parent,,
419,,,
1483,parent of volunteer Camden Pipgrass,on-line protective behaviors 4/13/08,
940,Glenelg Country school -teacher advisor,service advisor to Kevin Broderick,
961,Glenelg Country School,Glenelg Country School,2003 track and field
1041,glenelg 2007,,
476,,,Soccer coach
2231,,PBC 1/30/2017,
2612,,,
2340,,,
2569,,,
740,Looking for volunteer opps for kids,,
443,,,
2550,,,
2511,,,
2318,,,
1795,referred from franciscan friars,protective behavior 7/3/12,powerlifting
1195,parent of athlete jenna jones,jenna jones  sunflower12832003@yahoo.com,2005 summer games
2306,,,
1787,,on-line protective behavior 3/11/12,athletics
959,Glenelg Country School,Glenelg Country School,2003 bocce
2823,,,
2071,,PBC 3/16/2015,
2880,,,
2030,,,
2998,,,
1821,,on-line protective behavior 10/3/12,bowling
1695,parent of volunteer,on-line protective behavior 11/12/10,bowling
1234,parent of athlete,,
1253,parent of athlete,Bowling Skills Coordinator 2004-Present (2007)                 on-line protective behaviors 10/4/07,bowling 2007
3155,,,
884,referred by george guthrie,has held softball and basketball clinics.  PE major in college,
1697,house counselor,on-line protective behavior 2/11/10,
1898,,,
2707,,,
2709,,,
3056,,,
3057,,,
3059,,,
3060,,,
3109,Part of AA county also,,
801,,Phelps Luck Swim Team swimmers and unified swimmers.,Aquatics team
812,,Phelps Luck Swim Team swimmers and unified swimmers.,Aquatics team
2167,,,
2944,,,
427,,,INSPIRE WALK 2008
2882,,,
1480,,on line protective behavior 4/1/08,
1316,SOMD orientation per judy proia,,figure sakting
2277,,,
1967,,,
428,,,
913,Glenelg Country school,,
1028,glenelg 2007,,
2475,,,
1829,POA,Global Messenger Coordinator 2017- Present,
447,,,Golf Coach
2294,,,
1223,parent of athlete/registered nurse,registered nurse JH bayview care center                          on-line protective behavior  4/27/08,
1267,parent of athlete,Softball Skills Coordinator 2005-2007,softball 2005
1271,parent of athlete,,softball 2005
1885,,PBC 8/15/2013,
1899,,PBC 8/29/2013,
1984,,PBC 5/19/2014,
2742,,,
2734,,,
2398,,,
2383,,,
2362,,,
1720,HCC student,protective behavior 3/16/11,
1624,parent of volunteer,on line protective behavior  11/7/09,
2681,,,
1055,glenelg 2007,,
980,She asked to be removed from email list on 7/4/05,,
2308,,,
3159,,,
1924,,PBC 9/3/2013,
2295,,,
2499,,,
2608,,,
2785,,,
2786,,,
1328,fiance Toni marie martin,on-line protective behavior  6/13/08,equest 2008
1487,see volunteer # 1328,on-line protective behavior 6/13/08,equest 2008
1651,fort meade/ JSA,on-line protective behavior 3/9/10,
1281,parent of athlete,"Five Year Service Award - November 2007                          Cross country coach's certification  2010;   Good Sports Coach Award 2017
SOHO Coach of the Year 2021",
1667,POA,Nurse;,
2849,,,
2003,,,
432,,Newsletter Layout Person 1999 -2002                              Web Master 1999 - 2002,"Webmaster, newsletter"
433,301-498-4612 is their fax number,"One of four individuals (Baker, Miceli, Waschak, Wrathall) to restart & reinvigorize Special Olympics in 1998; Awarded 5 year Service Plaque, Nov 2001; Sports Director 1999 - 2001; Softball Coordinator 1996 -2000, 2002-2006             Softball Coach, 199",
1937,,PBC 9/13/2008,
2319,SOHO Athlete,,
2842,,,
2843,,,
3162,,,
2865,,,
2443,,Flag Football Asst Coach 2017-Present,
2651,,,
2180,,PBC 5/3/2016,
2207,,PBC 12/8/2016,
2208,,PBC 12/11/2016,
3143,,,
1310,parent,,
1303,,SOHO Coach of the Year 2020;,
2361,,,
2486,,,
2314,,,
1955,,PBC 1/25/2014,
2924,,,
2289,,,
2334,,,
706,Troop Leader of troop 126,,
1335,parent of ahtlete,Sports Coordinator Director 2008-Present; HC R&P Good Sports Administrator Award 2016,
1397,parent of athlete,,volleyball 2006
297,Husband - Scott,Aquatics Coach (1995-2009)                                         SOMD Coach of the Year - 2005                                       10 Year Service Award - May 2007 (1995-2007)              on-line protective behav. 9/17/07                             ,
2992,,,
3092,,,
880,parent -cheryl  / volunteer -cindy,preferred sport -figure skating,figure skating 2003
1895,,,
1959,,,
1364,parent of volunteer,,8-29-06
2004,,,
2368,,,
3038,,,
1817,,on-line protective behavior 8/1/12,
894,cpr certified/ River Hill H.S.,CPR certified,
787,,,
1391,referred by Verizon/george Guthrie,VERIZON Employee/ referred by George Guthrie,bowling 2007
1110,Long Reach,,
3114,,,
2993,,,
2018,Physician,SOHO Family of the Year 2019;,
2048,Physician,Swimming Fitness Coordinator 2015 - 2019; SOHO Family of the Year 2019;,
2497,,SOHO Family of the Year 2019;,
3118,,,
2546,,,
2547,,,
1370,,On-line protective behaviors 9/19/07 and 12/26/07,
1804,,protective behavior 4/2/12,
